{
  "Petición HTTP" : {
    "transaction" : "Petición HTTP",
    "sampleCount" : 1,
    "errorCount" : 0,
    "errorPct" : 0.0,
    "meanResTime" : 17461.0,
    "medianResTime" : 17461.0,
    "minResTime" : 17461.0,
    "maxResTime" : 17461.0,
    "pct1ResTime" : 17461.0,
    "pct2ResTime" : 17461.0,
    "pct3ResTime" : 17461.0,
    "throughput" : 0.05727048851726705,
    "receivedKBytesPerSec" : 0.02835560320142031,
    "sentKBytesPerSec" : 0.007214739276101026
  },
  "Total" : {
    "transaction" : "Total",
    "sampleCount" : 1,
    "errorCount" : 0,
    "errorPct" : 0.0,
    "meanResTime" : 17461.0,
    "medianResTime" : 17461.0,
    "minResTime" : 17461.0,
    "maxResTime" : 17461.0,
    "pct1ResTime" : 17461.0,
    "pct2ResTime" : 17461.0,
    "pct3ResTime" : 17461.0,
    "throughput" : 0.05727048851726705,
    "receivedKBytesPerSec" : 0.02835560320142031,
    "sentKBytesPerSec" : 0.007214739276101026
  }
}