{
  "Petición HTTP" : {
    "transaction" : "Petición HTTP",
    "sampleCount" : 2,
    "errorCount" : 0,
    "errorPct" : 0.0,
    "meanResTime" : 28345.5,
    "medianResTime" : 28345.5,
    "minResTime" : 28108.0,
    "maxResTime" : 28583.0,
    "pct1ResTime" : 28583.0,
    "pct2ResTime" : 28583.0,
    "pct3ResTime" : 28583.0,
    "throughput" : 0.06997166147710177,
    "receivedKBytesPerSec" : 0.03464417223524473,
    "sentKBytesPerSec" : 0.008814789385298954
  },
  "Total" : {
    "transaction" : "Total",
    "sampleCount" : 2,
    "errorCount" : 0,
    "errorPct" : 0.0,
    "meanResTime" : 28345.5,
    "medianResTime" : 28345.5,
    "minResTime" : 28108.0,
    "maxResTime" : 28583.0,
    "pct1ResTime" : 28583.0,
    "pct2ResTime" : 28583.0,
    "pct3ResTime" : 28583.0,
    "throughput" : 0.06997166147710177,
    "receivedKBytesPerSec" : 0.03464417223524473,
    "sentKBytesPerSec" : 0.008814789385298954
  }
}